Variable,Promedio (°C),Máximo (°C),Mínimo (°C),Fecha análisis
t2m,22.869022369384766,28.5762939453125,5.5010986328125,2025-10-19 04:58
